{
  "experiment": "l2_distilled",
  "level": "L2",
  "total_instances": 300,
  "correct_exact": 172,
  "correct_tolerance": 201,
  "errors": 4,
  "accuracy_exact": 0.5733333333333334,
  "accuracy_tolerance": 0.67,
  "error_rate": 0.013333333333333334,
  "total_cost_usd": 0.12458875000000001,
  "avg_cost_usd": 0.00041529583333333337,
  "total_tokens": 99671,
  "avg_latency_ms": 2052.264882100595,
  "python_success_count": 192,
  "llm_fallback_count": 104,
  "python_success_rate": 0.6486486486486487,
  "total_time_seconds": 630.4676094055176
}